AccessoriesType,WOMENS ONLY,,,,,,,,,,,,,
Bag,TOPS,DRESSES,Blouses,SKIRTS,Swimwear,Underwear,OUTERWEAR,HOODIES & SWEATS,KNITWEAR,T-SHIRTS & POLOS,LOUNGEWEAR & NIGHTWEAR,FilmTV,JEANS,TROUSERS & SHORTS
Backpack,Top,Dress,Blouse,Skirt,1 Piece,Underwear,Jacket,Hoodie,Knit,T-Shirt,Bathrobe,Coat,Jeans,Trousers
Dancer Bag,Asymmetric Top,Asymmetric Dress,Frilly Blouse,A-Line Skirt,Bikini,Bra,3 In 1 Jacket,Button Up Hoodie,Batwing Knit,Crew Neck T-Shirt,Dressing Gown,Hoodie,Bootcut Jeans,Bootcut Trouser
Duffle Bag,Bandeau Top,Bandeau Dress,Long Sleeve Blouse,Asymmetric Skirt,Bikini Bottoms,Brief,Asymmetric Jacket,Check Hoodie,Button Up Knit,Double Layer T-Shirt,Lounge Pants,Jacket,Boyfriend Jeans,Camo Trouser
Handbag,Batwing Top,Bodycon Dress,Short Sleeve Blouse,Denim Skirt,Bikini Top,Brief Set,Baseball Jacket,Cowl Neck Hoodie,Cable Knit,Extra Length T-Shirt,Lounge Top,Lounge Pants,Carrot Fit Jeans,Cargo Trouser
Holdall,Boob Tube,Chiffon Dress,Shirt,Flared Skirt,Board Shorts,Hipster Brief,Biker Jacket,Full Zip Hoodie,Chunky Knit,Hooded Longsleeve T-Shirt,Nightdress,Shirt,Cropped Jeans,Carrot Leg Trouser
Mail Bag,Cami Top,Fleece Dress,Check Shirt,Knee Length Skirt,Strapless Bikini,Thong,Bomber Jacket,Heavyweight Hoodie,Cowl Neck Knit,Hooded T-shirt,Pyjama Bottoms,Socks,Denim Joggers,Chino
Messenger Bag,Cami Vest,Halter Neck Dress,Flannel Shirt,Maxi Skirt,Strapless Bikini Top,Thong Set,Check Jacket,Knitted Hoodie,Crew Neck Knit,Longsleeve T-Shirt,Pyjama Set,T-Shirt,Distressed Jeans,Cords
Over Shoulder Bag,Camisole,Jersey Dress,Hooded Shirt,Mini Skirt,Swimming Costume,,Denim Jacket,Lightwieght Hoodie,Funnel Neck Knit,Off Shoulder T-Shirt,Pyjama Shorts,Underwear,Drainpipe Jeans,Cropped Trouser
Record Bag,Double Layer Top,Jumper Dress,Long Sleeve Check Shirt,Pencil Skirt,Tankini,,Fleece Lined Jacket,Lined Hoodie,Hooded Knit,Reversible T-shirt,Pyjama Top,,Flared Jeans,Flared Trouser
Satchel,Double Layer Vest,Knee Length Dress,Long Sleeve Shirt,Pleated Skirt,Tankini Top,,Full Zip Jacket,Reversible Hoodie,Lined Knit,Ruched T-Shirt,,,Hipster Jeans,Jogging Bottoms
Shopper,Halterneck Top,Knitted Dress,Pack Of Shirts,,,FemaleSocks,Funnel Jacket,Shirt Hoodie,Reversible Knit,Scoop Neck T-Shirt,,,Jeggings,Leggings
Tote Bag,Hooded Top,Maxi Dress,Shirt With Tie,,,Socks,Fur Lined Jacket,Short Sleeve Hoodie,Wrap Knit,Skinny Fit T-Shirt,,,Skinny Jeans,Linen Trouser
Travel Bag,Jersey Top,Mini Dress,Short Sleeve Check Shirt,,,Ankle,Hooded Jacket,Sleeveless Hoodie,Zipped Knit,Slash Back T-Shirt,,,Slim Fit Jeans,Slim Fit Trouser
Wash Bag,Jersey Vest,Prom Dress,Short Sleeve Shirt,,,Over The Knee,Knit Jacket,Zip Through Hoodie,Knitted Dress,Sleeveless T-Shirt,,,Straight Leg Jeans,Track Pant
Hat,Lace Top,Puffball Dress,Slim Fit Shirt,,,Knee High,Leather Jacket,Zipped Hoodie,Knitted Tunic,Slim Fit T-shirt,,,Stretch Jeans,Shorts
Baseball Cap,Long Line Top,Rouched Dress,,,,Trainer,Lightweight Jacket,Sweater,Cardigan,Slouch T-shirt,,,Super Skinny Jeans,3/4 Length Shorts
Beanie,Racer Back Top,Sailor Dress,,,,Novelty,Long Jacket,Crew Neck Sweater,Long Cardigan,V-Neck T-Shirt,,,Twister Jeans,Board Shorts
Beanie Cap,Slash Back Top,Shirt Dress,,,,,Puffa Jacket,Jogging Bottoms,Short Cardigan,Y-Neck T-Shirt,,,Peg Leg Jeans,Camo Shorts
Beret,Slash Neck Top,Shortsleeve Dress,,,,Male Socks,Reversible Jacket,Track Pant,Short Sleeve Cardigan,Polo Shirt,,,,Cargo Shorts
Bobble Hat,Slouch Neck Top,Sleeveless Dress,,,,Socks,Shell Jacket,Track Top,Jumper,Rugby Shirt,,,,Check Shorts
Cap,Strappy Top,Sweater Dress,,,,Ankle,Short Jacket,,Asymmetric Jumper,Vest Top,,,,Chino Shorts
Chunky Knit Beanie,Tank Top,Tiered Dress,,,,Trainer,Snow Jacket,,Batwing Jumper,Double Layer Vest,,,,Culottes
Fedora Hat,Waistcoat,T-Shirt Dress,,,,Novelty,Twill Jacket,,Cowl Neck Jumper,Double Layer Top,,,,Denim Shorts
Headband,Vest Top,Tunic,MENS ONLY,MENS ONLY,MENS ONLY,Sock Set,Waterproof Jacket,,Crew Neck Jumper,Waistcoat,,,,Hotpants
Knitted Headband,Cardigan,Wrap Dress,SHIRTS,UNDERWEAR,SWIMWEAR,,Zipped Jacket,,Funnel Neck Jumper,,,,,Jersey Shorts
Straw Hat,Long Cardigan,Zip Thru Dress,Shirt,Underwear,Brief,,Coat,,Hooded Jumper,,,,,Linen Shorts
Trapper Hat,Short Cardigan,Playsuit,Check Shirt,Boxer Shorts,Board Shorts,,Duffle Coat,,Long Line Jumper,,,,,Track Shorts
Trilby Hat,Short Sleeve Cardigan,,Dress Shirt,Boxer Shorts Set,Swimming Shorts,,Faux Fur Coat,,V-Neck Jumper,,,,,
Jewellery,Jumper,,Flannel Shirt,Brief,Trunks,,Long Coat,,Y-Neck Jumper,,,,,
Badge,Asymmetric Jumper,,Hooded Shirt,Brief Set,,,Short Coat,,,,,,,
Bracelets,Batwing Jumper,,Long Sleeve Check Shirt,Hipster Brief,,,Trench Coat,,,,,,,
Brooch,Cowl Neck Jumper,,Long Sleeve Shirt,Thong,,,Fleece,,,,,,,
Earrings,Crew Neck Jumper,,Pack Of Shirts,,,,Full Zip Fleece,,,,,,,
Hair Accessories,Funnel Neck Jumper,,Shirt With Tie,,,,Hooded Fleece,,,,,,,
Necklaces,Hooded Jumper,,Short Sleeve Check Shirt,,,,Hyperfleece,,,,,,,
Rings,Long Line Jumper,,Short Sleeve Shirt,,,,Micro Fleece,,,,,,,
Sunglasses,V-Neck Jumper,,Slim Fit Shirt,,,,Reversible Fleece,,,,,,,
Aviator,Y-Neck Jumper,,,,,,Superfleece,,,,,,,
Oversized,,,GIRLS ONLY,Girls ONLY,Boys ONLY,,Zip Through Fleece,,,,,,,
Retro,,,HOSIERY,UNDERWEAR,UNDERWEAR,,Zipped Fleece,,,,,,,
Rimless,,,Tights,Underwear,Underwear,,Anorak,,,,,,,
Visor,,,Leggings,Brief,Boxer Shorts,,Blazer,,,,,,,
Babygrow,,,,Brief Set,Boxer Shorts Set,,Body Warmer,,,,,,,
Belt,,,,,Brief,,Gilet,,,,,,,
Bib,,,,,Brief Set,,Parker,,,,,,,
Gift Set,,,,,Hipster Brief,,Poncho,,,,,,,
Ear Muffs,,,,,,,Wind Cheater,,,,,,,
Scarf,,,,,,,,,,,,,,
Snood,,,,,,,,,,,,,,
Gloves,,,,,,,,,,,,,,
Fingerless Gloves,,,,,,,,,,,,,,
Watch,,,,,,,,,,,,,,
Wallet,,,,,,,,,,,,,,
Purse,,,,,,,,,,,,,,
Socks,,,,,,,,,,,,,,
Sock Set,,,,,,,,,,,,,,
Miscellaneous,,,,,,,,,,,,,,
,,,,,,,,,,,,,,
,,,,,,,,,,,,,,
,,,,,,,,,,,,,,
