Kids,Girls Swimwear,Kids Footwear,Mens,Mens Lower,Mens Trousers,Mens Footwear,Mens Shirts,Womens Bodice,Bra Size,Womens Footwear,Womens,Womens Shorts,Womens Socks,Womens Trousers,Womens Swimwear,Mens Socks
One Size,One Size,Kids UK 0,One Size,One Size,23 Waist - 27 Length,UK 6,One Size,One Size,28A,UK 3,One Size,One Size,UK 3-5,30 Waist - 29 Length,One Size,UK 6-8
XX Small,XX Small,Kids UK 0.5,XX Small,XX Small,23 Waist - 28 Length,UK 6.5,XX Small,XX Small,28AA,UK 3.5,XX Small,XX Small,UK 3-7,30 Waist - 30 Length,XX Small,UK 6-7
X Small,X Small,Kids UK 1,X Small,X Small,23 Waist - 29 Length,UK 7,X Small,X Small,28B,UK 4,X Small,X Small,UK 4-7,30 Waist - 31 Length,X Small,UK 6-9
Small,Small,Kids UK 1.5,Small,Small,23 Waist - 30 Length,UK 7.5,Small,Small,28C,UK 4.5,Small,Small,UK 4-8,30 Waist - 32 Length,Small,UK 6-11
Medium,Medium,Kids UK 2,Medium,Medium,23 Waist - 31 Length,UK 8,Medium,Medium,28D,UK 5,Medium,Medium,UK 6-8,30 Waist - 33 Length,Medium,UK 7-8
Large,Large,Kids UK 2.5,Large,Large,23 Waist - 32 Length,UK 8.5,Large,Large,28DD,UK 5.5,Large,Large,UK 6-9,30 Waist - 34 Length,Large,UK 7-9
X Large,X Large,Kids UK 3,X Large,X Large,23 Waist - 33 Length,UK 9,X Large,X Large,28E,UK 6,X Large,X Large,UK 7-11,30 Waist - 35 Length,X Large,UK 7-11
XX Large,XX Large,Kids UK 3.5,XX Large,XX Large,23 Waist - 34 Length,UK 9.5,XX Large,XX Large,28F,UK 6.5,XX Large,XX Large,UK 7-9,30 Waist - 36 Length,XX Large,UK 8-9
XXX Large,XXX Large,Kids UK 4,XXX Large,XXX Large,23 Waist - 35 Length,UK 10,XXX Large,XXX Large,28G,UK 7,XXX Large,XXX Large,UK 3,31 Waist - 27 Length,XXX Large,UK 9-10
XXS-XS,XXS-XS,Kids UK 4.5,XXS-XS,XXS-XS,23 Waist - 36 Length,UK 10.5,XXS-XS,XXS-XS,30A,UK 7.5,XXS-XS,XXS-XS,UK 3.5,31 Waist - 28 Length,XXS-XS,UK 9-11
XS-S,XS-S,Kids UK 5,XS-S,XS-S,24 Waist - 27 Length,UK 11,XS-S,XS-S,30AA,UK 8,XS-S,XS-S,UK 4,31 Waist - 29 Length,XS-S,UK 9-12
S-M,S-M,Kids UK 5.5,S-M,S-M,24 Waist - 28 Length,UK 11.5,S-M,S-M,30B,UK 8.5,S-M,S-M,UK 4.5,31 Waist - 30 Length,S-M,UK 10-11
M-L,M-L,Kids UK 6,M-L,M-L,24 Waist - 29 Length,UK 12,M-L,M-L,30C,UK 9,M-L,M-L,UK 5,31 Waist - 31 Length,M-L,UK 10-12
L-XL,L-XL,Kids UK 6.5,L-XL,L-XL,24 Waist - 30 Length,UK 12.5,L-XL,L-XL,30D,UK 9.5,L-XL,L-XL,UK 5.5,31 Waist - 32 Length,L-XL,UK 11-12
3 Months,3 Months,Kids UK 7,1 XL,1 XL,24 Waist - 31 Length,UK 13,1 XL,1 XL,30DD,UK 10,1 XL,1 XL,UK 6,31 Waist - 33 Length,1 XL,UK 12-13
3-6 Months,3-6 Months,Kids UK 7.5,2 XL,2 XL,24 Waist - 32 Length,UK 13.5,2 XL,2 XL,30E,UK 10.5,2 XL,2 XL,UK 6.5,31 Waist - 34 Length,2 XL,UK 12-14
6 Months,6 Months,Kids UK 8,3 XL,3 XL,24 Waist - 33 Length,UK 14,3 XL,3 XL,30F,UK 11,3 XL,3 XL,UK 7,31 Waist - 35 Length,3 XL,UK 13-14
6-12 Months,6-12 Months,Kids UK 8.5,4 XL,4 XL,24 Waist - 34 Length,UK 14.5,4 XL,4 XL,30G,UK 11.5,4 XL,4 XL,UK 7.5,31 Waist - 36 Length,4 XL,UK 6
6-9 Months,6-9 Months,Kids UK 9,5 XL,5 XL,24 Waist - 35 Length,UK 15,5 XL,5 XL,30GG,UK 12,5 XL,5 XL,UK 8,32 Waist - 27 Length,5 XL,UK 6.5
9 Months,9 Months,Kids UK 9.5,6 XL,6 XL,24 Waist - 36 Length,UK 15.5,6 XL,6 XL,32A,UK 12.5,6 XL,6 XL,UK 8.5,32 Waist - 28 Length,6 XL,UK 7
9-12 Months,9-12 Months,Kids UK 10,7 XL,7 XL,25 Waist - 27 Length,UK 16,7 XL,7 XL,32AA,UK 13,7 XL,7 XL,UK 9,32 Waist - 29 Length,7 XL,UK 7.5
12 Months,12 Months,Kids UK 10.5,8 XL,8 XL,25 Waist - 28 Length,UK 16.5,8 XL,8 XL,32B,UK 3-4,8 XL,8 XL,UK 3-4,32 Waist - 30 Length,8 XL,UK 8
12-18 Months,12-18 Months,Kids UK 11,,"22""",25 Waist - 29 Length,UK 17,14 S,4,32C,UK 4.5-5.5,4,4,UK 4.5-5.5,32 Waist - 31 Length,4,UK 8.5
12-24 Months,12-24 Months,Kids UK 11.5,,"24""",25 Waist - 30 Length,UK 17.5,14 R,6,32D,UK 4-5,6,6,UK 4-5,32 Waist - 32 Length,6,UK 9
18 Months,18 Months,Kids UK 12,,"25""",25 Waist - 31 Length,UK 18,14 L,8,32DD,UK 5-6,8,8,UK 5-6,32 Waist - 33 Length,8,UK 9.5
18-24 Months,18-24 Months,Kids UK 12.5,,"26""",25 Waist - 32 Length,UK 18.5,14.5 S,10,32E,UK 6-7,10,10,UK 6-7,32 Waist - 34 Length,10,UK 10
24-36 Months,24-36 Months,Kids UK 13,,"27""",25 Waist - 33 Length,UK 19,14.5 R,12,32F,UK 7-8,12,12,UK 7-8,32 Waist - 35 Length,12,UK 10.5
1 Year,1 Year,Kids UK 13.5,,"28""",25 Waist - 34 Length,UK 19.5,14.5 L,14,32G,UK 8-9,14,14,UK 8-9,32 Waist - 36 Length,14,UK 11
1-2 Years,1-2 Years,UK 1,,"29""",25 Waist - 35 Length,UK 20,15 S,16,32GG,UK 9-10,16,16,UK 9-10,33 Waist - 27 Length,16,UK 11.5
1-3 Years,1-3 Years,UK 1.5,,"30""",25 Waist - 36 Length,UK 6-7,15 R,18,34A,,18,18,UK 5-7.5,33 Waist - 28 Length,18,UK 12
2 Years,2 Years,UK 2,,"31""",26 Waist - 27 Length,UK 7-8,15 L,20,34AA,,20,20,,33 Waist - 29 Length,20,UK 12.5
2-3 Years,2-3 Years,UK 2.5,,"32""",26 Waist - 28 Length,UK 8-9,15.5 S,22,34B,,22,22,,33 Waist - 30 Length,22,UK 13
2-4 Years,2-4 Years,UK 3,,"33""",26 Waist - 29 Length,UK 9-10,15.5 R,24,34C,,24,24,,33 Waist - 31 Length,24,UK 13.5
3 Years,3 Years,UK 3.5,,"34""",26 Waist - 30 Length,UK 10-11,15.5 L,26,34D,,26,26,,33 Waist - 32 Length,26,UK 14
3-4 Years,3-4 Years,UK 4,,"36""",26 Waist - 31 Length,UK 11-12,16 S,28,34DD,,28,28,,33 Waist - 33 Length,28,UK 14.5
3-5 Years,3-5 Years,UK 4.5,,"38""",26 Waist - 32 Length,UK 12-13,16 R,30,34E,,30,30,,33 Waist - 34 Length,30,UK 15
4 Years,4 Years,UK 5,,"40""",26 Waist - 33 Length,UK 13-14,16 L,32,34F,,32,32,,33 Waist - 35 Length,32,UK 15.5
4-5 Years,4-5 Years,UK 5.5,,"42""",26 Waist - 34 Length,,16.5 S,34,34G,,34,34,,33 Waist - 36 Length,34,UK 16
4-6 Years,4-6 Years,UK 6,,"44""",26 Waist - 35 Length,,16.5 R,36,34H,,36,36,,34 Waist - 27 Length,36,UK 16.5
5 Years,5 Years,Kids UK 1-2,,"46""",26 Waist - 36 Length,,16.5 L,38,34J,,38,38,,34 Waist - 28 Length,38,UK 17
5-6 Years,5-6 Years,Kids UK 1-2.5,,"48""",27 Waist - 27 Length,,17 S,40,36A,,40,40,,34 Waist - 29 Length,40,UK 17.5
5-7 Years,5-7 Years,Kids UK 2-3,,"50""",27 Waist - 28 Length,,17 R,6-8,36AA,,6-8,6-8,,34 Waist - 30 Length,6-8,UK 18
6 Years,6 Years,Kids UK 3-4,,"56""",27 Waist - 29 Length,,17 L,8-10,36B,,8-10,8-10,,34 Waist - 31 Length,8-10,UK 18.5
6-12 Years,6-12 Years,Kids UK 4-5,,"52""",27 Waist - 30 Length,,17.5 S,10-12,36C,,10-12,10-12,,34 Waist - 32 Length,10-12,UK 19
6-7 Years,6-7 Years,Kids UK 5-6,,"54""",27 Waist - 31 Length,,17.5 R,12-14,36D,,12-14,12-14,,34 Waist - 33 Length,12-14,UK 19.5
6-8 Years,6-8 Years,Kids UK 6-7,,,27 Waist - 32 Length,,17.5 L,14-16,36DD,,14-16,14-16,,34 Waist - 34 Length,14-16,UK 20
7 Years,7 Years,Kids UK 7-8,,,27 Waist - 33 Length,,18 S,16-18,36E,,16-18,16-18,,34 Waist - 35 Length,16-18,UK 8-10.5
7-8 Years,7-8 Years,Kids UK 8-9,,,27 Waist - 34 Length,,18 R,18-20,36F,,18-20,18-20,,34 Waist - 36 Length,18-20,UK 11-13.5
7-9 Years,7-9 Years,Kids UK 9-10,,,27 Waist - 35 Length,,18 L,20-22,36G,,20-22,20-22,,35 Waist - 27 Length,20-22,
8 Years,8 Years,Kids UK 9-12 ,,,27 Waist - 36 Length,,18.5 S,22-24,36H,,22-24,22-24,,35 Waist - 28 Length,22-24,
8-10 Years,8-10 Years,Kids UK 10-11,,,28 Waist - 27 Length,,18.5 R,24-26,36J,,24-26,24-26,,35 Waist - 29 Length,24-26,
8-9 Years,8-9 Years,Kids UK 11-12,,,28 Waist - 28 Length,,18.5 L,26-28,38A,,26-28,26-28,,35 Waist - 30 Length,26-28,
9 Years,9 Years,Kids UK 11-13,,,28 Waist - 29 Length,,19 S,28-30,38AA,,28-30,28-30,,35 Waist - 31 Length,28-30,
9-10 Years,9-10 Years,Kids UK 12-13,,,28 Waist - 30 Length,,19 R,30-32,38B,,30-32,30-32,,35 Waist - 32 Length,30-32,
9-11 Years,9-11 Years,Kids UK 12.5-2,,,28 Waist - 31 Length,,19 L,32-34,38C,,32-34,32-34,,35 Waist - 33 Length,32-34,
10 Years,10 Years,Kids UK 13-1,,,28 Waist - 32 Length,,19.5 S,34-36,38D,,34-36,34-36,,35 Waist - 34 Length,34-36,
10-11 Years,10-11 Years,UK 1-2,,,28 Waist - 33 Length,,19.5 R,36-38,38DD,,36-38,36-38,,35 Waist - 35 Length,36-38,
10-12 Years,10-12 Years,UK 2-3,,,28 Waist - 34 Length,,19.5 L,38-40,38E,,38-40,38-40,,35 Waist - 36 Length,38-40,
11 Years,11 Years,UK 2-5,,,28 Waist - 35 Length,,20 S,28A,38F,,,"22""",,36 Waist - 27 Length,28A,
11-12 Years,11-12 Years,UK 3-4,,,28 Waist - 36 Length,,20 R,28AA,38G,,,"24""",,36 Waist - 28 Length,28AA,
11-13 Years,11-13 Years,UK 3-5,,,29 Waist - 27 Length,,20 L,28B,38H,,,"25""",,36 Waist - 29 Length,28B,
12 Years,12 Years,,,,29 Waist - 28 Length,,,28C,38J,,,"26""",,36 Waist - 30 Length,28C,
12-13 Years,12-13 Years,,,,29 Waist - 29 Length,,,28D,40A,,,"27""",,36 Waist - 31 Length,28D,
12-14 Years,12-14 Years,,,,29 Waist - 30 Length,,,28DD,40AA,,,"28""",,36 Waist - 32 Length,28DD,
13 Years,13 Years,,,,29 Waist - 31 Length,,,28E,40B,,,"29""",,36 Waist - 33 Length,28E,
13-14 Years,13-14 Years,,,,29 Waist - 32 Length,,,28F,40C,,,"30""",,36 Waist - 34 Length,28F,
13-15 Years,13-15 Years,,,,29 Waist - 33 Length,,,28FF,40D,,,"31""",,36 Waist - 35 Length,28FF,
14 Years,14 Years,,,,29 Waist - 34 Length,,,28G,40DD,,,"32""",,36 Waist - 36 Length,28G,
14-15 Years,14-15 Years,,,,29 Waist - 35 Length,,,28GG,40E,,,"33""",,37 Waist - 27 Length,28GG,
14-16 Years,14-16 Years,,,,29 Waist - 36 Length,,,28H,40F,,,"34""",,37 Waist - 28 Length,28H,
15 Years,15 Years,,,,30 Waist - 27 Length,,,28HH,40G,,,"36""",,37 Waist - 29 Length,28HH,
15-16 Years,15-16 Years,,,,30 Waist - 28 Length,,,30A,40H,,,"38""",,37 Waist - 30 Length,30A,
16 Years,16 Years,,,,30 Waist - 29 Length,,,30AA,40J,,,"40""",,37 Waist - 31 Length,30AA,
,28A,,,,30 Waist - 30 Length,,,30B,28FF,,,"42""",,37 Waist - 32 Length,30B,
,28AA,,,,30 Waist - 31 Length,,,30C,28GG,,,"44""",,37 Waist - 33 Length,30C,
,28B,,,,30 Waist - 32 Length,,,30D,30FF,,,"46""",,37 Waist - 34 Length,30D,
,28C,,,,30 Waist - 33 Length,,,30DD,32FF,,,"48""",,37 Waist - 35 Length,30DD,
,30A,,,,30 Waist - 34 Length,,,30E,34FF,,,"50""",,37 Waist - 36 Length,30E,
,30AA,,,,30 Waist - 35 Length,,,30F,34GG,,,"23""",,38 Waist - 27 Length,30F,
,30B,,,,30 Waist - 36 Length,,,30FF,36FF,,,,,38 Waist - 28 Length,30FF,
,30C,,,,31 Waist - 27 Length,,,30G,36GG,,,,,38 Waist - 29 Length,30G,
,32A,,,,31 Waist - 28 Length,,,30GG,38FF,,,,,38 Waist - 30 Length,30GG,
,32AA,,,,31 Waist - 29 Length,,,30H,38GG,,,,,38 Waist - 31 Length,30H,
,32B,,,,31 Waist - 30 Length,,,30HH,40FF,,,,,38 Waist - 32 Length,30HH,
,32BC,,,,31 Waist - 31 Length,,,32A,40GG,,,,,38 Waist - 33 Length,32A,
,32C,,,,31 Waist - 32 Length,,,32AA,32 B-F,,,,,38 Waist - 34 Length,32AA,
,34A,,,,31 Waist - 33 Length,,,32B,34 B-F,,,,,38 Waist - 35 Length,32B,
,34AA,,,,31 Waist - 34 Length,,,32BC,36 B-F,,,,,38 Waist - 36 Length,32BC,
,34B,,,,31 Waist - 35 Length,,,32C,38 B-F,,,,,38 Waist - 38 Length,32C,
,34BC,,,,31 Waist - 36 Length,,,32D,32 B-D,,,,,39 Waist - 27 Length,32D,
,34C,,,,32 Waist - 27 Length,,,32DD,34 B-D,,,,,39 Waist - 28 Length,32DD,
,36A,,,,32 Waist - 28 Length,,,32DDD,36 B-D,,,,,39 Waist - 29 Length,32DDD,
,36AA,,,,32 Waist - 29 Length,,,32E,38 B-D,,,,,39 Waist - 30 Length,32E,
,36B,,,,32 Waist - 30 Length,,,32F,40 B-D,,,,,39 Waist - 31 Length,32F,
,36BC,,,,32 Waist - 31 Length,,,32FF,28H,,,,,39 Waist - 32 Length,32FF,
,36C,,,,32 Waist - 32 Length,,,32G,30H,,,,,39 Waist - 33 Length,32G,
,38A,,,,32 Waist - 33 Length,,,32GG,32H,,,,,39 Waist - 34 Length,32GG,
,38AA,,,,32 Waist - 34 Length,,,32H,28HH,,,,,39 Waist - 35 Length,32H,
,38B,,,,32 Waist - 35 Length,,,32HH,30HH,,,,,39 Waist - 36 Length,32HH,
,38BC,,,,32 Waist - 36 Length,,,34A,32HH,,,,,40 Waist - 27 Length,34A,
,38C,,,,33 Waist - 27 Length,,,34AA,34HH,,,,,40 Waist - 28 Length,34AA,
,40A,,,,33 Waist - 28 Length,,,34B,36HH,,,,,40 Waist - 29 Length,34B,
,40AA,,,,33 Waist - 29 Length,,,34BC,38HH,,,,,40 Waist - 30 Length,34BC,
,40B,,,,33 Waist - 30 Length,,,34C,40HH,,,,,40 Waist - 31 Length,34C,
,40BC,,,,33 Waist - 31 Length,,,34D,32BC,,,,,40 Waist - 32 Length,34D,
,40C,,,,33 Waist - 32 Length,,,34DD,34BC,,,,,40 Waist - 33 Length,34DD,
,,,,,33 Waist - 33 Length,,,34DDD,36BC,,,,,40 Waist - 34 Length,34DDD,
,,,,,33 Waist - 34 Length,,,34E,38BC,,,,,40 Waist - 35 Length,34E,
,,,,,33 Waist - 35 Length,,,34F,40BC,,,,,40 Waist - 36 Length,34F,
,,,,,33 Waist - 36 Length,,,34FF,42BC,,,,,41 Waist - 27 Length,34FF,
,,,,,34 Waist - 27 Length,,,34G,32DDD,,,,,41 Waist - 28 Length,34G,
,,,,,34 Waist - 28 Length,,,34GG,34DDD,,,,,41 Waist - 29 Length,34GG,
,,,,,34 Waist - 29 Length,,,34H,36DDD,,,,,41 Waist - 30 Length,34H,
,,,,,34 Waist - 30 Length,,,34HH,38DDD,,,,,41 Waist - 31 Length,34HH,
,,,,,34 Waist - 31 Length,,,34J,40DDD,,,,,41 Waist - 32 Length,34J,
,,,,,34 Waist - 32 Length,,,36A,42DDD,,,,,41 Waist - 33 Length,36A,
,,,,,34 Waist - 33 Length,,,36AA,30J,,,,,41 Waist - 34 Length,36AA,
,,,,,34 Waist - 34 Length,,,36B,30JJ,,,,,41 Waist - 35 Length,36B,
,,,,,34 Waist - 35 Length,,,36BC,30K,,,,,41 Waist - 36 Length,36BC,
,,,,,34 Waist - 36 Length,,,36C,32J,,,,,42 Waist - 27 Length,36C,
,,,,,35 Waist - 27 Length,,,36D,32JJ,,,,,42 Waist - 28 Length,36D,
,,,,,35 Waist - 28 Length,,,36DD,34JJ,,,,,42 Waist - 29 Length,36DD,
,,,,,35 Waist - 29 Length,,,36DDD,34K,,,,,42 Waist - 30 Length,36DDD,
,,,,,35 Waist - 30 Length,,,36E,36B,,,,,42 Waist - 31 Length,36E,
,,,,,35 Waist - 31 Length,,,36F,36JJ,,,,,42 Waist - 32 Length,36F,
,,,,,35 Waist - 32 Length,,,36FF,36K,,,,,42 Waist - 33 Length,36FF,
,,,,,35 Waist - 33 Length,,,36G,42B,,,,,42 Waist - 34 Length,36G,
,,,,,35 Waist - 34 Length,,,36GG,42C,,,,,42 Waist - 35 Length,36GG,
,,,,,35 Waist - 35 Length,,,36H,42D,,,,,42 Waist - 36 Length,36H,
,,,,,35 Waist - 36 Length,,,36HH,42DD,,,,,44 Waist - 29 Length,36HH,
,,,,,36 Waist - 27 Length,,,36J,42E,,,,,44 Waist - 30 Length,36J,
,,,,,36 Waist - 28 Length,,,38A,42F,,,,,44 Waist - 31 Length,38A,
,,,,,36 Waist - 29 Length,,,38AA,42FF,,,,,44 Waist - 32 Length,38AA,
,,,,,36 Waist - 30 Length,,,38B,42G,,,,,44 Waist - 33 Length,38B,
,,,,,36 Waist - 31 Length,,,38BC,42GG,,,,,44 Waist - 34 Length,38BC,
,,,,,36 Waist - 32 Length,,,38C,42H,,,,,46 Waist - 29 Length,38C,
,,,,,36 Waist - 33 Length,,,38D,42HH,,,,,46 Waist - 30 Length,38D,
,,,,,36 Waist - 34 Length,,,38DD,42J,,,,,46 Waist - 31 Length,38DD,
,,,,,36 Waist - 35 Length,,,38DDD,44B,,,,,46 Waist - 32 Length,38DDD,
,,,,,36 Waist - 36 Length,,,38E,44C,,,,,46 Waist - 33 Length,38E,
,,,,,37 Waist - 27 Length,,,38F,44D,,,,,46 Waist - 34 Length,38F,
,,,,,37 Waist - 28 Length,,,38FF,44DD,,,,,48 Waist - 30 Length,38FF,
,,,,,37 Waist - 29 Length,,,38G,44E,,,,,48 Waist - 32 Length,38G,
,,,,,37 Waist - 30 Length,,,38GG,44F,,,,,48 Waist - 34 Length,38GG,
,,,,,37 Waist - 31 Length,,,38H,44FF,,,,,50 Waist - 30 Length,38H,
,,,,,37 Waist - 32 Length,,,38HH,44G,,,,,50 Waist - 32 Length,38HH,
,,,,,37 Waist - 33 Length,,,38J,44GG,,,,,50 Waist - 34 Length,38J,
,,,,,37 Waist - 34 Length,,,40A,44H,,,,,52 Waist - 30 Length,40A,
,,,,,37 Waist - 35 Length,,,40AA,44HH,,,,,52 Waist - 32 Length,40AA,
,,,,,37 Waist - 36 Length,,,40B,46B,,,,,52 Waist - 34 Length,40B,
,,,,,38 Waist - 27 Length,,,40BC,46C,,,,,54 Waist - 30 Length,40BC,
,,,,,38 Waist - 28 Length,,,40C,46D,,,,,54 Waist - 32 Length,40C,
,,,,,38 Waist - 29 Length,,,40D,46DD,,,,,54 Waist - 34 Length,40D,
,,,,,38 Waist - 30 Length,,,40DD,46E,,,,,56 Waist - 30 Length,40DD,
,,,,,38 Waist - 31 Length,,,40DDD,46F,,,,,56 Waist - 32 Length,40DDD,
,,,,,38 Waist - 32 Length,,,40E,46FF,,,,,56 Waist - 34 Length,40E,
,,,,,38 Waist - 33 Length,,,40F,46G,,,,,58 Waist - 30 Length,40F,
,,,,,38 Waist - 34 Length,,,40FF,46GG,,,,,58 Waist - 32 Length,40FF,
,,,,,38 Waist - 35 Length,,,40G,46H,,,,,58 Waist - 34 Length,40G,
,,,,,38 Waist - 36 Length,,,40GG,48B,,,,,60 Waist - 30 Length,40GG,
,,,,,38 Waist - 38 Length,,,40GG,48C,,,,,60 Waist - 32 Length,40GG,
,,,,,39 Waist - 27 Length,,,40H,48D,,,,,60 Waist - 34 Length,40H,
,,,,,39 Waist - 28 Length,,,40HH,48DD,,,,,4,40HH,
,,,,,39 Waist - 29 Length,,,40J,48E,,,,,6,40J,
,,,,,39 Waist - 30 Length,,,42BC,48F,,,,,8,42BC,
,,,,,39 Waist - 31 Length,,,42DDD,48FF,,,,,10,42DDD,
,,,,,39 Waist - 32 Length,,,32 B-D,48G,,,,,12,32 B-D,
,,,,,39 Waist - 33 Length,,,32 B-F,48GG,,,,,14,32 B-F,
,,,,,39 Waist - 34 Length,,,34 B-D,50B,,,,,16,34 B-D,
,,,,,39 Waist - 35 Length,,,34 B-F,50C,,,,,18,34 B-F,
,,,,,39 Waist - 36 Length,,,36 B-D,50D,,,,,20,36 B-D,
,,,,,40 Waist - 27 Length,,,36 B-F,50DD,,,,,22,36 B-F,
,,,,,40 Waist - 28 Length,,,38 B-D,50E,,,,,24,38 B-D,
,,,,,40 Waist - 29 Length,,,38 B-F,50F,,,,,26,38 B-F,
,,,,,40 Waist - 30 Length,,,40 B-D,50FF,,,,,28,40 B-D,
,,,,,40 Waist - 31 Length,,,30J,50G,,,,,30,30J,
,,,,,40 Waist - 32 Length,,,30JJ,50GG,,,,,32,30JJ,
,,,,,40 Waist - 33 Length,,,30K,52B,,,,,34,30K,
,,,,,40 Waist - 34 Length,,,32J,52C,,,,,36,32J,
,,,,,40 Waist - 35 Length,,,32JJ,52D,,,,,38,32JJ,
,,,,,40 Waist - 36 Length,,,34JJ,52DD,,,,,40,34JJ,
,,,,,41 Waist - 27 Length,,,34K,52E,,,,,UK 6 Extra Long,34K,
,,,,,41 Waist - 28 Length,,,36B,52F,,,,,UK 6 Long,36B,
,,,,,41 Waist - 29 Length,,,36JJ,52FF,,,,,UK 6 Regular,36JJ,
,,,,,41 Waist - 30 Length,,,36K,52G,,,,,UK 6 Short,36K,
,,,,,41 Waist - 31 Length,,,42B,52GG,,,,,UK 8 Extra Long,42B,
,,,,,41 Waist - 32 Length,,,42C,40-42B,,,,,UK 8 Long,42C,
,,,,,41 Waist - 33 Length,,,42D,40-42C,,,,,UK 8 Regular,42D,
,,,,,41 Waist - 34 Length,,,42DD,40-42D,,,,,UK 8 Short,42DD,
,,,,,41 Waist - 35 Length,,,42E,40-42DD,,,,,UK 10 Extra Long,42E,
,,,,,41 Waist - 36 Length,,,42F,42-44B,,,,,UK 10 Long,42F,
,,,,,42 Waist - 27 Length,,,42FF,42-44C,,,,,UK 10 Regular,42FF,
,,,,,42 Waist - 28 Length,,,42G,42-44D,,,,,UK 10 Short,42G,
,,,,,42 Waist - 29 Length,,,42GG,42-44DD,,,,,UK 12 Extra Long,42GG,
,,,,,42 Waist - 30 Length,,,42H,44-46B,,,,,UK 12 Long,42H,
,,,,,42 Waist - 31 Length,,,42HH,44-46C,,,,,UK 12 Regular,42HH,
,,,,,42 Waist - 32 Length,,,42J,44-46D,,,,,UK 12 Short,42J,
,,,,,42 Waist - 33 Length,,,44B,44-46DD,,,,,UK 14 Extra Long,44B,
,,,,,42 Waist - 34 Length,,,44C,46-48B,,,,,UK 14 Long,44C,
,,,,,42 Waist - 35 Length,,,44D,46-48C,,,,,UK 14 Regular,44D,
,,,,,42 Waist - 36 Length,,,44DD,46-48D,,,,,UK 14 Short,44DD,
,,,,,44 Waist - 29 Length,,,44E,46-48DD,,,,,UK 16 Extra Long,44E,
,,,,,44 Waist - 30 Length,,,44F,,,,,,UK 16 Long,44F,
,,,,,44 Waist - 31 Length,,,44FF,,,,,,UK 16 Regular,44FF,
,,,,,44 Waist - 32 Length,,,44G,,,,,,UK 16 Short,44G,
,,,,,44 Waist - 33 Length,,,44GG,,,,,,UK 18 Extra Long,44GG,
,,,,,44 Waist - 34 Length,,,44H,,,,,,UK 18 Long,44H,
,,,,,46 Waist - 29 Length,,,44HH,,,,,,UK 18 Regular,44HH,
,,,,,46 Waist - 30 Length,,,46B,,,,,,UK 18 Short,46B,
,,,,,46 Waist - 31 Length,,,46C,,,,,,UK 20 Extra Long,46C,
,,,,,46 Waist - 32 Length,,,46D,,,,,,UK 20 Long,46D,
,,,,,46 Waist - 33 Length,,,46DD,,,,,,UK 20 Regular,46DD,
,,,,,46 Waist - 34 Length,,,46E,,,,,,UK 20 Short,46E,
,,,,,48 Waist - 30 Length,,,46F,,,,,,UK 22 Extra Long,46F,
,,,,,48 Waist - 32 Length,,,46FF,,,,,,UK 22 Long,46FF,
,,,,,48 Waist - 34 Length,,,46G,,,,,,UK 22 Regular,46G,
,,,,,50 Waist - 30 Length,,,46GG,,,,,,UK 22 Short,46GG,
,,,,,50 Waist - 32 Length,,,46H,,,,,,UK 24 Extra Long,46H,
,,,,,50 Waist - 34 Length,,,48B,,,,,,UK 24 Long,48B,
,,,,,52 Waist - 30 Length,,,48C,,,,,,UK 24 Regular,48C,
,,,,,52 Waist - 32 Length,,,48D,,,,,,UK 24 Short,48D,
,,,,,52 Waist - 34 Length,,,48DD,,,,,,UK 26 Extra Long,48DD,
,,,,,54 Waist - 30 Length,,,48E,,,,,,UK 26 Long,48E,
,,,,,54 Waist - 32 Length,,,48F,,,,,,UK 26 Regular,48F,
,,,,,54 Waist - 34 Length,,,48FF,,,,,,UK 26 Short,48FF,
,,,,,56 Waist - 30 Length,,,48G,,,,,,UK 28 Extra Long,48G,
,,,,,56 Waist - 32 Length,,,48GG,,,,,,UK 28 Long,48GG,
,,,,,56 Waist - 34 Length,,,50B,,,,,,UK 28 Regular,50B,
,,,,,58 Waist - 30 Length,,,50C,,,,,,UK 28 Short,50C,
,,,,,58 Waist - 32 Length,,,50D,,,,,,UK 29 Long,50D,
,,,,,58 Waist - 34 Length,,,50DD,,,,,,UK 29 Regular,50DD,
,,,,,60 Waist - 30 Length,,,50E,,,,,,UK 29 Short,50E,
,,,,,60 Waist - 32 Length,,,50F,,,,,,UK 30 Extra Long,50F,
,,,,,60 Waist - 34 Length,,,50FF,,,,,,UK 30 Long,50FF,
,,,,,44 Waist - 36 Length,,,50G,,,,,,UK 30 Regular,50G,
,,,,,,,,50GG,,,,,,UK 30 Short,50GG,
,,,,,,,,52B,,,,,,UK 31 Long,52B,
,,,,,,,,52C,,,,,,UK 31 Regular,52C,
,,,,,,,,52D,,,,,,UK 31 Short,52D,
,,,,,,,,52DD,,,,,,UK 32 Extra Long,52DD,
,,,,,,,,52E,,,,,,UK 32 Long,52E,
,,,,,,,,52F,,,,,,UK 32 Regular,52F,
,,,,,,,,52FF,,,,,,UK 32 Short,52FF,
,,,,,,,,52G,,,,,,UK 33 Long,52G,
,,,,,,,,52GG,,,,,,UK 33 Regular,52GG,
,,,,,,,,40-42B,,,,,,UK 34 Extra Long,40-42B,
,,,,,,,,40-42C,,,,,,UK 34 Long,40-42C,
,,,,,,,,40-42D,,,,,,UK 34 Regular,40-42D,
,,,,,,,,40-42DD,,,,,,UK 34 Short,40-42DD,
,,,,,,,,42-44B,,,,,,UK 36 Extra Long,42-44B,
,,,,,,,,42-44C,,,,,,UK 36 Long,42-44C,
,,,,,,,,42-44D,,,,,,UK 36 Regular,42-44D,
,,,,,,,,42-44DD,,,,,,UK 36 Short,42-44DD,
,,,,,,,,44-46B,,,,,,UK 38 Extra Long,44-46B,
,,,,,,,,44-46C,,,,,,UK 38 Long,44-46C,
,,,,,,,,44-46D,,,,,,UK 38 Regular,44-46D,
,,,,,,,,44-46DD,,,,,,UK 38 Short,44-46DD,
,,,,,,,,46-48B,,,,,,UK 40 Extra Long,46-48B,
,,,,,,,,46-48C,,,,,,UK 40 Long,46-48C,
,,,,,,,,46-48D,,,,,,UK 40 Regular,46-48D,
,,,,,,,,46-48DD,,,,,,UK 40 Short,46-48DD,
,,,,,,,,,,,,,,UK 42 Extra Long,,
,,,,,,,,,,,,,,UK 42 Long,,
,,,,,,,,,,,,,,UK 42 Regular,,
,,,,,,,,,,,,,,UK 42 Short,,
,,,,,,,,,,,,,,UK 44 Extra Long,,
,,,,,,,,,,,,,,UK 44 Long,,
,,,,,,,,,,,,,,UK 44 Regular,,
,,,,,,,,,,,,,,UK 44 Short,,
,,,,,,,,,,,,,,23 Waist - 27 Length,,
,,,,,,,,,,,,,,23 Waist - 28 Length,,
,,,,,,,,,,,,,,23 Waist - 29 Length,,
,,,,,,,,,,,,,,23 Waist - 30 Length,,
,,,,,,,,,,,,,,23 Waist - 31 Length,,
,,,,,,,,,,,,,,23 Waist - 32 Length,,
,,,,,,,,,,,,,,23 Waist - 33 Length,,
,,,,,,,,,,,,,,23 Waist - 34 Length,,
,,,,,,,,,,,,,,23 Waist - 35 Length,,
,,,,,,,,,,,,,,23 Waist - 36 Length,,
,,,,,,,,,,,,,,24 Waist - 27 Length,,
,,,,,,,,,,,,,,24 Waist - 28 Length,,
,,,,,,,,,,,,,,24 Waist - 29 Length,,
,,,,,,,,,,,,,,24 Waist - 30 Length,,
,,,,,,,,,,,,,,24 Waist - 31 Length,,
,,,,,,,,,,,,,,24 Waist - 32 Length,,
,,,,,,,,,,,,,,24 Waist - 33 Length,,
,,,,,,,,,,,,,,24 Waist - 34 Length,,
,,,,,,,,,,,,,,24 Waist - 35 Length,,
,,,,,,,,,,,,,,24 Waist - 36 Length,,
,,,,,,,,,,,,,,25 Waist - 27 Length,,
,,,,,,,,,,,,,,25 Waist - 28 Length,,
,,,,,,,,,,,,,,25 Waist - 29 Length,,
,,,,,,,,,,,,,,25 Waist - 30 Length,,
,,,,,,,,,,,,,,25 Waist - 31 Length,,
,,,,,,,,,,,,,,25 Waist - 32 Length,,
,,,,,,,,,,,,,,25 Waist - 33 Length,,
,,,,,,,,,,,,,,25 Waist - 34 Length,,
,,,,,,,,,,,,,,25 Waist - 35 Length,,
,,,,,,,,,,,,,,25 Waist - 36 Length,,
,,,,,,,,,,,,,,26 Waist - 27 Length,,
,,,,,,,,,,,,,,26 Waist - 28 Length,,
,,,,,,,,,,,,,,26 Waist - 29 Length,,
,,,,,,,,,,,,,,26 Waist - 30 Length,,
,,,,,,,,,,,,,,26 Waist - 31 Length,,
,,,,,,,,,,,,,,26 Waist - 32 Length,,
,,,,,,,,,,,,,,26 Waist - 33 Length,,
,,,,,,,,,,,,,,26 Waist - 34 Length,,
,,,,,,,,,,,,,,26 Waist - 35 Length,,
,,,,,,,,,,,,,,26 Waist - 36 Length,,
,,,,,,,,,,,,,,27 Waist - 27 Length,,
,,,,,,,,,,,,,,27 Waist - 28 Length,,
,,,,,,,,,,,,,,27 Waist - 29 Length,,
,,,,,,,,,,,,,,27 Waist - 30 Length,,
,,,,,,,,,,,,,,27 Waist - 31 Length,,
,,,,,,,,,,,,,,27 Waist - 32 Length,,
,,,,,,,,,,,,,,27 Waist - 33 Length,,
,,,,,,,,,,,,,,27 Waist - 34 Length,,
,,,,,,,,,,,,,,27 Waist - 35 Length,,
,,,,,,,,,,,,,,27 Waist - 36 Length,,
,,,,,,,,,,,,,,28 Waist - 27 Length,,
,,,,,,,,,,,,,,28 Waist - 28 Length,,
,,,,,,,,,,,,,,28 Waist - 29 Length,,
,,,,,,,,,,,,,,28 Waist - 30 Length,,
,,,,,,,,,,,,,,28 Waist - 31 Length,,
,,,,,,,,,,,,,,28 Waist - 32 Length,,
,,,,,,,,,,,,,,28 Waist - 33 Length,,
,,,,,,,,,,,,,,28 Waist - 34 Length,,
,,,,,,,,,,,,,,28 Waist - 35 Length,,
,,,,,,,,,,,,,,28 Waist - 36 Length,,
,,,,,,,,,,,,,,29 Waist - 27 Length,,
,,,,,,,,,,,,,,29 Waist - 28 Length,,
,,,,,,,,,,,,,,29 Waist - 29 Length,,
,,,,,,,,,,,,,,29 Waist - 30 Length,,
,,,,,,,,,,,,,,29 Waist - 31 Length,,
,,,,,,,,,,,,,,29 Waist - 32 Length,,
,,,,,,,,,,,,,,29 Waist - 33 Length,,
,,,,,,,,,,,,,,29 Waist - 34 Length,,
,,,,,,,,,,,,,,29 Waist - 35 Length,,
,,,,,,,,,,,,,,29 Waist - 36 Length,,
,,,,,,,,,,,,,,30 Waist - 27 Length,,
,,,,,,,,,,,,,,30 Waist - 28 Length,,
